<?xml version="1.0" encoding="UTF-8"?>
<window>
	<defaultcontrol>9000</defaultcontrol>
	<backgroundcolor>background</backgroundcolor>
	<onload condition="String.IsEmpty(Skin.String(background_overlay))">Skin.SetString(background_overlay,1)</onload>
	<controls>
		<include>DefaultBackground</include>
		<control type="multiimage">
			<depth>DepthBackground</depth>
			<include>FullScreenDimensions</include>
			<aspectratio>scale</aspectratio>
			<fadetime>600</fadetime>
			<animation effect="zoom" center="auto" end="102,102" time="0" condition="Integer.IsGreater(System.StereoscopicMode,0)">conditional</animation>
			<animation effect="fade" start="0" end="100" time="400">WindowOpen</animation>
			<animation effect="fade" start="100" end="0" time="300">WindowClose</animation>
			<animation effect="fade" time="400">VisibleChange</animation>
			<imagepath background="true" colordiffuse="bg_overlay">$INFO[Skin.String(HomeFanart.path)]settings$INFO[Skin.String(HomeFanart.ext)]</imagepath>
			<visible>!Player.HasMedia + !String.IsEmpty(Skin.String(HomeFanart.path))</visible>
		</control>
		<control type="group" id="10000">
			<left>470</left>
			<include>OpenClose_Right</include>
			<control type="grouplist" id="700"> <!-- Polozka Obecne -->
				<top>160</top>
				<left>0</left>
				<right>0</right>
				<bottom>140</bottom>
				<onleft>9000</onleft>
				<onright>60</onright>
				<onup>700</onup>
				<ondown>700</ondown>
				<visible>Container(9000).HasFocus(1)</visible>
				<control type="radiobutton" id="701">
					<label>$LOCALIZE[31095]</label>
					<include>DefaultSettingButton</include>
					<selected>!Skin.HasSetting(no_slide_animations)</selected>
					<onclick>Skin.ToggleSetting(no_slide_animations)</onclick>
				</control>
				<control type="radiobutton" id="702">
					<label>$LOCALIZE[20189]</label>
					<include>DefaultSettingButton</include>
					<onclick>Skin.ToggleSetting(autoscroll)</onclick>
					<selected>Skin.HasSetting(autoscroll)</selected>
				</control>
				<control type="radiobutton" id="703">
					<label>$LOCALIZE[31158]</label>
					<include>DefaultSettingButton</include>
					<onclick>Skin.ToggleSetting(touchmode)</onclick>
					<selected>Skin.HasSetting(touchmode)</selected>
				</control>
				<control type="radiobutton" id="704">
					<label>$LOCALIZE[31093]</label>
					<include>DefaultSettingButton</include>
					<onclick condition="!String.IsEmpty(Weather.Plugin)">Skin.ToggleSetting(show_weatherinfo)</onclick>
					<onclick condition="String.IsEmpty(Weather.Plugin)">ActivateWindow(servicesettings,weather)</onclick>
					<selected>Skin.HasSetting(show_weatherinfo) + !String.IsEmpty(Weather.Plugin)</selected>
				</control>
				<control type="radiobutton" id="705">
					<label>$LOCALIZE[31160]</label>
					<include>DefaultSettingButton</include>
					<onclick>Skin.ToggleSetting(hide_mediaflags)</onclick>
					<selected>!Skin.HasSetting(hide_mediaflags)</selected>
				</control>
				<control type="button" id="706">
					<label>$LOCALIZE[31024]</label>
					<include>DefaultSettingButton</include>
					<onclick>Skin.SelectBool(31024, 16018|circle_none, 563|badge_rating, 32106|tag_rating, 32104|circle_rating, 32105|star_rating, 38018|badge_userrating,)</onclick>
					<label2>$VAR[RatingSettingLabel2Var]</label2>
				</control>
				<control type="button" id="707">
					<label>$LOCALIZE[31164]</label>
					<include>DefaultSettingButton</include>
					<onclick>Skin.SelectBool(31164, 31165|show_profilename, 31166|show_profileavatar, 16018|show_none)</onclick>
					<label2>$VAR[ProfileIdentificationLabel2Var]</label2>
				</control>
				<control type="image" id="799"> <!-- oddělovač -->
					<left>0</left>
					<bottom>135</bottom>
					<right>0</right>
					<height>3</height>
					<texture colordiffuse="button_focus" border="2">dialogs/separator-grey.png</texture>
				</control>
				<control type="radiobutton" id="710"> <!-- Systémové informace -->
					<label>$LOCALIZE[32120]</label>
					<include>DefaultSettingButton</include>
					<onclick>Skin.ToggleSetting(show_sys_info)</onclick>
					<selected>Skin.HasSetting(show_sys_info)</selected>
				</control>
				<control type="radiobutton" id="711"> <!-- Jednoduché menu vypnutí -->
					<label>$LOCALIZE[32114]</label>
					<include>DefaultSettingButton</include>
					<onclick>Skin.ToggleSetting(simple_shutdown_menu)</onclick>
					<selected>Skin.HasSetting(simple_shutdown_menu)</selected>
				</control>
				<control type="radiobutton" id="712"><!-- aktivace skin debug módu -->
					<label>Skin Debug Mode</label>
					<include>DefaultSettingButton</include>
					<onclick>Skin.ToggleDebug</onclick>
					<onclick>Skin.ToggleSetting(skin_debug_mode)</onclick>
					<selected>Skin.HasSetting(skin_debug_mode)</selected>
				</control>
				<control type="radiobutton" id="713"><!-- aktivace Player debug módu -->
					<label>Video Player - Debug Mode</label>
					<include>DefaultSettingButton</include>
					<onclick></onclick>
					<onclick>Skin.ToggleSetting(videoplayer_debug_mode)</onclick>
					<selected>Skin.HasSetting(videoplayer_debug_mode)</selected>
				</control>
			</control>
			<control type="grouplist" id="800">	<!-- Nastaveni widgetu -->
				<top>160</top>
				<left>0</left>
				<right>0</right>
				<bottom>140</bottom>
				<onleft>9000</onleft>
				<onright>60</onright>
				<onup>700</onup>
				<ondown>700</ondown>
				<visible>Container(9000).HasFocus(3)</visible>
				<control type="label" id="897"> <!-- Stream Cinema Community Movies Main Menu Widget -->
					<visible>Skin.HasSetting(SCC_Movies_MainMenuWidget)</visible>
					<textoffsetx>25</textoffsetx>
					<width>1920</width>
					<height>70</height>
					<font>font30_title</font>
					<aligny>center</aligny>
					<align>left</align>
					<label>Widget SCC Filmy :</label>
				</control>
				<control type="button" id="802"><!-- Nastavení 1 widgetu SCC Filmy -->
					<visible>Skin.HasSetting(SCC_Movies_MainMenuWidget)</visible>
					<label>     - 1.widget </label>
					<include>DefaultSettingButton</include>
					<onclick>Skin.SelectBool(32003, 32010|SCC_movies_trends1, 32011|SCC_movies_popular1, 32012|SCC_movies_most_watch1, 32004|SCC_movies_news1, 32005|SCC_movies_news_cz1, 32006|SCC_movies_news_tit1, 32007|SCC_movies_last_added1, 32008|SCC_movies_tv_tips1, 16018|SCC_movies_none1)</onclick>
					<label2>$VAR[SCC_movies_widget1_label]</label2>
				</control>
				<control type="button" id="803"><!-- Nastavení 2 widgetu SCC Filmy -->
					<visible>Skin.HasSetting(SCC_Movies_MainMenuWidget) + !Skin.HasSetting(SCC_movies_none1)</visible>
					<label>     - 2.widget </label>
					<include>DefaultSettingButton</include>
					<onclick>Skin.SelectBool(32003, 32010|SCC_movies_trends2, 32011|SCC_movies_popular2, 32012|SCC_movies_most_watch2, 32004|SCC_movies_news2, 32005|SCC_movies_news_cz2, 32006|SCC_movies_news_tit2, 32007|SCC_movies_last_added2, 32008|SCC_movies_tv_tips2, 16018|SCC_movies_none2)</onclick>
					<label2>$VAR[SCC_movies_widget2_label]</label2>
				</control>
				<control type="button" id="804"><!-- Nastavení 3 widgetu SCC Filmy -->
					<visible>Skin.HasSetting(SCC_Movies_MainMenuWidget)+ !Skin.HasSetting(SCC_movies_none1) + !Skin.HasSetting(SCC_movies_none2)</visible>
					<label>     - 3.widget </label>
					<include>DefaultSettingButton</include>
					<onclick>Skin.SelectBool(32003, 32010|SCC_movies_trends3, 32011|SCC_movies_popular3, 32012|SCC_movies_most_watch3, 32004|SCC_movies_news3, 32005|SCC_movies_news_cz3, 32006|SCC_movies_news_tit3, 32007|SCC_movies_last_added3, 32008|SCC_movies_tv_tips3, 16018|SCC_movies_none3)</onclick>
					<label2>$VAR[SCC_movies_widget3_label]</label2>
				</control>
				<control type="image" id="899"> <!-- oddělovač -->
					<visible>System.HasAddon(plugin.video.nextup) | System.HasAddon(plugin.video.stream-cinema) | System.HasAddon(plugin.video.stream-cinema-2-release) | System.HasAddon(plugin.video.stream-cinema) | System.HasAddon(plugin.video.iprima.cz) | System.HasAddon(plugin.video.ivysilani.cz)</visible>
					<left>0</left>
					<bottom>135</bottom>
					<right>0</right>
					<height>3</height>
					<texture colordiffuse="button_focus" border="2">dialogs/separator-grey.png</texture>
				</control> <!-- oddělovač -->
				<control type="label" id="898"> <!-- Stream Cinema Community Tv Shows Main Menu Widget -->
					<visible>Skin.HasSetting(SCC_TVShow_MainMenuWidget)</visible>
					<textoffsetx>25</textoffsetx>
					<width>1920</width>
					<height>70</height>
					<font>font30_title</font>
					<aligny>center</aligny>
					<align>left</align>
					<label>Widget SCC Serialy :</label>
				</control>
				<control type="button" id="805"><!-- Nastavení 1 widgetu SCC Serialy -->
					<visible>Skin.HasSetting(SCC_TVShow_MainMenuWidget)</visible>
					<label>     - 1.widget </label>
					<include>DefaultSettingButton</include>
					<onclick>Skin.SelectBool(32003, 32010|SCC_tvshows_trends1, 32011|SCC_tvshows_popular1, 32012|SCC_tvshows_most_watch1, 32004|SCC_tvshows_news1, 32005|SCC_tvshows_news_cz1, 32006|SCC_tvshows_news_tit1, 32007|SCC_tvshows_last_added1, 32103|SCC_tvshows_anime1, 16018|SCC_tvshows_none1)</onclick>
					<label2>$VAR[SCC_tvshows_widget1_label]</label2>
				</control>
				<control type="button" id="806"><!-- Nastavení 2 widgetu SCC Serialy -->
					<visible>Skin.HasSetting(SCC_TVShow_MainMenuWidget) + !Skin.HasSetting(SCC_tvshows_none1)</visible>
					<label>     - 2.widget </label>
					<include>DefaultSettingButton</include>
					<onclick>Skin.SelectBool(32003, 32010|SCC_tvshows_trends2, 32011|SCC_tvshows_popular2, 32012|SCC_tvshows_most_watch2, 32004|SCC_tvshows_news2, 32005|SCC_tvshows_news_cz2, 32006|SCC_tvshows_news_tit2, 32007|SCC_tvshows_last_added2, 32103|SCC_tvshows_anime2, 16018|SCC_tvshows_none2)</onclick>
					<label2>$VAR[SCC_tvshows_widget2_label]</label2>
				</control>
				<control type="button" id="807"><!-- Nastavení 3 widgetu SCC Serialy -->
					<visible>Skin.HasSetting(SCC_TVShow_MainMenuWidget)+ !Skin.HasSetting(SCC_tvshows_none1) + !Skin.HasSetting(SCC_tvshows_none2)</visible>
					<label>     - 3.widget </label>
					<include>DefaultSettingButton</include>
					<onclick>Skin.SelectBool(32003, 32010|SCC_tvshows_trends3, 32011|SCC_tvshows_popular3, 32012|SCC_tvshows_most_watch3, 32004|SCC_tvshows_news3, 32005|SCC_tvshows_news_cz3, 32006|SCC_tvshows_news_tit3, 32007|SCC_tvshows_last_added3, 32103|SCC_tvshows_anime3, 16018|SCC_tvshows_none3)</onclick>
					<label2>$VAR[SCC_tvshows_widget3_label]</label2>
				</control>
				<control type="image" id="899"> <!-- oddělovač -->
					<visible>System.HasAddon(plugin.video.nextup) | System.HasAddon(plugin.video.stream-cinema) | System.HasAddon(plugin.video.stream-cinema-2-release) | System.HasAddon(plugin.video.stream-cinema) | System.HasAddon(plugin.video.iprima.cz) | System.HasAddon(plugin.video.ivysilani.cz)</visible>
					<left>0</left>
					<bottom>135</bottom>
					<right>0</right>
					<height>3</height>
					<texture colordiffuse="button_focus" border="2">dialogs/separator-grey.png</texture>
				</control> <!-- oddělovač -->
			</control>
			<control type="grouplist" id="600">	<!-- Polozka Obrazek -->
				<top>160</top>
				<left>0</left>
				<right>0</right>
				<bottom>140</bottom>
				<onleft>9000</onleft>
				<onright>60</onright>
				<onup>600</onup>
				<ondown>600</ondown>
				<visible>Container(9000).HasFocus(4)</visible>
				<control type="radiobutton" id="605">
					<label>$LOCALIZE[31002]</label>
					<include>DefaultSettingButton</include>
					<onclick>Skin.ToggleSetting(no_fanart)</onclick>
					<selected>!Skin.HasSetting(no_fanart)</selected>
				</control>
				<control type="button" id="607">
					<label>$LOCALIZE[31156]</label>
					<label2>$VAR[BackgroundOverlayTypeVar]</label2>
					<include>DefaultSettingButton</include>
					<onclick condition="String.IsEqual(Skin.String(background_overlay),7)">Skin.SetString(background_overlay,0)</onclick>
					<onclick condition="String.IsEqual(Skin.String(background_overlay),6)">Skin.SetString(background_overlay,7)</onclick>
					<onclick condition="String.IsEqual(Skin.String(background_overlay),5)">Skin.SetString(background_overlay,6)</onclick>
					<onclick condition="String.IsEqual(Skin.String(background_overlay),4)">Skin.SetString(background_overlay,5)</onclick>
					<onclick condition="String.IsEqual(Skin.String(background_overlay),3)">Skin.SetString(background_overlay,4)</onclick>
					<onclick condition="String.IsEqual(Skin.String(background_overlay),2)">Skin.SetString(background_overlay,3)</onclick>
					<onclick condition="String.IsEqual(Skin.String(background_overlay),1)">Skin.SetString(background_overlay,2)</onclick>
					<onclick condition="String.IsEqual(Skin.String(background_overlay),0)">Skin.SetString(background_overlay,1)</onclick>
				</control>
				<control type="button" id="608">
					<label>$LOCALIZE[31131]</label>
					<label2>$INFO[Skin.String(HomeFanart.name)]</label2>
					<include>DefaultSettingButton</include>
					<onclick condition="System.HasAddon(script.image.resource.select)">RunScript(script.image.resource.select,property=HomeFanart&amp;type=resource.images.skinbackgrounds)</onclick>
					<onclick condition="!System.HasAddon(script.image.resource.select)">InstallAddon(script.image.resource.select)</onclick>
					<enable>!Skin.HasSetting(no_fanart)</enable>
				</control>
				<control type="button" id="609">
					<label>$LOCALIZE[31062]</label>
					<label2>$INFO[Skin.String(WeatherFanart.name)]</label2>
					<include>DefaultSettingButton</include>
					<onclick condition="System.HasAddon(script.image.resource.select)">RunScript(script.image.resource.select,property=WeatherFanart&amp;type=resource.images.weatherfanart)</onclick>
					<onclick condition="!System.HasAddon(script.image.resource.select)">InstallAddon(script.image.resource.select)</onclick>
					<enable>!Skin.HasSetting(no_fanart)</enable>
				</control>
				<control type="button" id="6066">
					<label>$LOCALIZE[31149]</label>
					<label2>$INFO[Skin.String(MovieGenreFanart.Name)]</label2>
					<include>DefaultSettingButton</include>
					<onclick condition="!System.HasAddon(script.image.resource.select)">InstallAddon(script.image.resource.select)</onclick>
					<onclick condition="System.HasAddon(script.image.resource.select)">RunScript(script.image.resource.select,property=MovieGenreFanart&amp;type=resource.images.moviegenrefanart)</onclick>
				</control>
			</control>
			<control type="grouplist" id="610">	<!-- Polozky Hlavni nabidky -->
				<top>160</top>
				<left>0</left>
				<right>0</right>
				<bottom>140</bottom>
				<onleft>9000</onleft>
				<onright>60</onright>
				<onup>610</onup>
				<pagecontrol>60</pagecontrol>
				<ondown>610</ondown>
				<visible>Container(9000).HasFocus(2)</visible>
				<control type="radiobutton" id="630"> <!-- Next Up Menu Widget -->
					<visible>System.HasAddon(script.skin.helper.widgets)</visible>
					<label>Widget Next Up </label>
					<include>DefaultSettingButton</include>
					<selected>Skin.HasSetting(NextUpMenuWidget)</selected>
					<onclick>Skin.ToggleSetting(NextUpMenuWidget)</onclick>
				</control>
				<control type="radiobutton" id="631"> <!-- Stream Cinema Main Menu Widget -->
					<visible>System.HasAddon(plugin.video.stream-cinema)</visible>
					<label>Widget Stream-Cinema Cz/Sk </label>
					<include>DefaultSettingButton</include>
					<selected>Skin.HasSetting(SCMainMenuWidget)</selected>
					<onclick>Skin.ToggleSetting(SCMainMenuWidget)</onclick>
				</control>
 				<control type="radiobutton" id="632"> <!-- Stream Cinema Community - Filmy Main Menu Widget -->
		 			<visible>System.HasAddon(plugin.video.stream-cinema-2-release)</visible>
					<label>Widget Stream Cinema Community - Filmy</label>
					<include>DefaultSettingButton</include>
					<selected>Skin.HasSetting(SCC_Movies_MainMenuWidget)</selected>
					<onclick>Skin.ToggleSetting(SCC_Movies_MainMenuWidget)</onclick>
				</control>
				<control type="radiobutton" id="633"> <!-- Stream Cinema Community - TV Show Main Menu Widget -->
					<visible>System.HasAddon(plugin.video.stream-cinema-2-release)</visible>
					<label>Widget Stream Cinema Community - Seriály </label>
					<include>DefaultSettingButton</include>
					<selected>Skin.HasSetting(SCC_TVShow_MainMenuWidget)</selected>
					<onclick>Skin.ToggleSetting(SCC_TVShow_MainMenuWidget)</onclick>
				</control>
				<control type="radiobutton" id="634"> <!-- Trakt Menu Widget -->
		 			<visible>System.HasAddon(script.module.trakt) | System.HasAddon(plugin.video.stream-cinema-2-release)</visible>
		 			<label>Widget Trakt.tv - SCC</label>
					<include>DefaultSettingButton</include>
					<selected>Skin.HasSetting(SCC_Trakt_Widget)</selected>
					<onclick>Skin.ToggleSetting(SCC_Trakt_Widget)</onclick>
				</control>
 				<control type="radiobutton" id="635"> <!-- HBO GO -->
		 			<visible>System.HasAddon(plugin.video.hbogoeu)</visible>
					<label>Widget HBO</label>
					<include>DefaultSettingButton</include>
					<selected>Skin.HasSetting(HBOMainMenuWidget)</selected>
					<onclick>Skin.ToggleSetting(HBOMainMenuWidget)</onclick>
				</control>
 				<control type="radiobutton" id="636"> <!-- iPrima Main Menu Widget -->
		 			<visible>System.HasAddon(plugin.video.iprima.cz)</visible>
					<label>Widget iPrima</label>
					<include>DefaultSettingButton</include>
					<selected>Skin.HasSetting(iPrimaMenuWidget)</selected>
					<onclick>Skin.ToggleSetting(iPrimaMenuWidget)</onclick>
				</control>
				<control type="image" id="650"> <!-- oddělovač -->
					<visible>System.HasAddon(script.skin.helper.widgets) | System.HasAddon(plugin.video.stream-cinema) | System.HasAddon(plugin.video.stream-cinema-2-release) | System.HasAddon(plugin.video.stream-cinema) | System.HasAddon(plugin.video.iprima.cz) | System.HasAddon(plugin.video.ivysilani.cz)</visible>
					<left>0</left>
					<bottom>135</bottom>
					<right>0</right>
					<height>3</height>
					<texture colordiffuse="button_focus" border="2">dialogs/separator-grey.png</texture>
				</control> <!-- oddělovač -->
				<control type="radiobutton" id="621">
					<label>$LOCALIZE[31008]</label>
					<include>DefaultSettingButton</include>
					<selected>!Skin.HasSetting(home_no_categories_widget)</selected>
					<onclick>Skin.ToggleSetting(home_no_categories_widget)</onclick>
				</control>
				<control type="radiobutton" id="611">
					<label>$LOCALIZE[342]</label>
					<include>DefaultSettingButton</include>
					<selected>!Skin.HasSetting(HomeMenuNoMovieButton)</selected>
					<onclick>Skin.ToggleSetting(HomeMenuNoMovieButton)</onclick>
				</control>
				<control type="button" id="6110">
					<label>- $LOCALIZE[31157]</label>
					<include>DefaultSettingButton</include>
					<onclick condition="System.HasAddon(plugin.library.node.editor)">ActivateWindow(programs,plugin://plugin.library.node.editor/?ltype=video,return)</onclick>
					<onclick condition="!System.HasAddon(plugin.library.node.editor)">InstallAddon(plugin.library.node.editor)</onclick>
					<enable>!Skin.HasSetting(HomeMenuNoMovieButton)</enable>
				</control>
				<control type="radiobutton" id="612">
					<label>$LOCALIZE[20343]</label>
					<include>DefaultSettingButton</include>
					<selected>!Skin.HasSetting(HomeMenuNoTVShowButton)</selected>
					<onclick>Skin.ToggleSetting(HomeMenuNoTVShowButton)</onclick>
				</control>
				<control type="button" id="6120">
					<label>- $LOCALIZE[31157]</label>
					<include>DefaultSettingButton</include>
					<onclick condition="System.HasAddon(plugin.library.node.editor)">ActivateWindow(programs,plugin://plugin.library.node.editor/?ltype=video,return)</onclick>
					<onclick condition="!System.HasAddon(plugin.library.node.editor)">InstallAddon(plugin.library.node.editor)</onclick>
					<enable>!Skin.HasSetting(HomeMenuNoTVShowButton)</enable>
				</control>
				<control type="radiobutton" id="613">
					<label>$LOCALIZE[2]</label>
					<include>DefaultSettingButton</include>
					<selected>!Skin.HasSetting(HomeMenuNoMusicButton)</selected>
					<onclick>Skin.ToggleSetting(HomeMenuNoMusicButton)</onclick>
				</control>
				<control type="button" id="6130">
					<label>- $LOCALIZE[31157]</label>
					<include>DefaultSettingButton</include>
					<onclick condition="System.HasAddon(plugin.library.node.editor)">ActivateWindow(programs,plugin://plugin.library.node.editor/?ltype=music,return)</onclick>
					<onclick condition="!System.HasAddon(plugin.library.node.editor)">InstallAddon(plugin.library.node.editor)</onclick>
					<enable>!Skin.HasSetting(HomeMenuNoMusicButton)</enable>
				</control>
				<control type="radiobutton" id="6131">
					<label>$LOCALIZE[20389]</label>
					<include>DefaultSettingButton</include>
					<selected>!Skin.HasSetting(HomeMenuNoMusicVideoButton)</selected>
					<onclick>Skin.ToggleSetting(HomeMenuNoMusicVideoButton)</onclick>
				</control>
				<control type="radiobutton" id="618">
					<label>$LOCALIZE[19020]</label>
					<include>DefaultSettingButton</include>
					<selected>!Skin.HasSetting(HomeMenuNoTVButton)</selected>
					<onclick>Skin.ToggleSetting(HomeMenuNoTVButton)</onclick>
				</control>
				<control type="radiobutton" id="619">
					<label>$LOCALIZE[19021]</label>
					<include>DefaultSettingButton</include>
					<selected>!Skin.HasSetting(HomeMenuNoRadioButton)</selected>
					<onclick>Skin.ToggleSetting(HomeMenuNoRadioButton)</onclick>
				</control>
				<control type="radiobutton" id="614">
					<label>$LOCALIZE[24001]</label>
					<include>DefaultSettingButton</include>
					<selected>!Skin.HasSetting(HomeMenuNoProgramsButton)</selected>
					<onclick>Skin.ToggleSetting(HomeMenuNoProgramsButton)</onclick>
				</control>
				<control type="radiobutton" id="615">
					<label>$LOCALIZE[1]</label>
					<include>DefaultSettingButton</include>
					<selected>!Skin.HasSetting(HomeMenuNoPicturesButton)</selected>
					<onclick>Skin.ToggleSetting(HomeMenuNoPicturesButton)</onclick>
				</control>
				<control type="radiobutton" id="616">
					<label>$LOCALIZE[3]</label>
					<include>DefaultSettingButton</include>
					<selected>!Skin.HasSetting(HomeMenuNoVideosButton)</selected>
					<onclick>Skin.ToggleSetting(HomeMenuNoVideosButton)</onclick>
				</control>
				<control type="radiobutton" id="620">
					<label>$LOCALIZE[15016]</label>
					<visible>System.GetBool(gamesgeneral.enable)</visible>
					<include>DefaultSettingButton</include>
					<selected>!Skin.HasSetting(HomeMenuNoGamesButton)</selected>
					<onclick>Skin.ToggleSetting(HomeMenuNoGamesButton)</onclick>
				</control>
				<control type="radiobutton" id="6160">
					<label>$LOCALIZE[10134]</label>
					<include>DefaultSettingButton</include>
					<selected>!Skin.HasSetting(HomeMenuNoFavButton)</selected>
					<onclick>Skin.ToggleSetting(HomeMenuNoFavButton)</onclick>
				</control>
				<control type="radiobutton" id="617">
					<label>$LOCALIZE[8]</label>
					<include>DefaultSettingButton</include>
					<selected>!Skin.HasSetting(HomeMenuNoWeatherButton)</selected>
					<onclick>Skin.ToggleSetting(HomeMenuNoWeatherButton)</onclick>
				</control>
			</control>
			<control type="image">
				<description>Dialog Header image</description>
				<left>0</left>
				<top>160</top>
				<right>0</right>
				<height>3</height>
				<texture colordiffuse="button_focus" border="2">dialogs/separator-grey.png</texture>
			</control>
			<control type="image">
				<description>Dialog Header image</description>
				<left>0</left>
				<bottom>134</bottom>
				<right>0</right>
				<height>3</height>
				<texture colordiffuse="button_focus" border="2">dialogs/separator-grey.png</texture>
			</control>
		</control>
		<control type="group">
			<depth>DepthContentPanel</depth>
			<left>0</left>
			<include>OpenClose_Left</include>
			<include content="ContentPanel">
				<param name="width" value="530" />
			</include>
			<control type="list" id="9000">
				<description>button area</description>
				<left>0</left>
				<top>160</top>
				<width>470</width>
				<height>700</height>
				<onleft>10000</onleft>
				<onright>10000</onright>
				<onup>9000</onup>
				<ondown>9000</ondown>
				<itemlayout height="90" width="470">
					<control type="label">
						<textoffsetx>30</textoffsetx>
						<width>470</width>
						<height>90</height>
						<label>$INFO[ListItem.Label]</label>
						<font>font37</font>
						<aligny>center</aligny>
					</control>
				</itemlayout>
				<focusedlayout height="90" width="470">
					<control type="image">
						<width>470</width>
						<height>90</height>
						<texture colordiffuse="button_focus">lists/focus.png</texture>
						<animation effect="fade" start="100" end="50" time="40" condition="!Control.HasFocus(9000)">Conditional</animation>
					</control>
					<control type="label">
						<textoffsetx>30</textoffsetx>
						<width>470</width>
						<height>90</height>
						<font>font37</font>
						<aligny>center</aligny>
						<label>$INFO[ListItem.Label]</label>
					</control>
				</focusedlayout>
				<content>
					<item id="1">	<!-- Polozka Obecne -->
						<label>$LOCALIZE[128]</label>
						<onclick>noop</onclick>
					</item>
					<item id="2">	<!-- Polozka Polozky hlavni nabidky -->
						<label>$LOCALIZE[31061]</label>
						<onclick>noop</onclick>
					</item>
					<item id="3">	<!-- Polozka Nastaveni widgetu -->
						<label>$LOCALIZE[32100]</label>
						<onclick>noop</onclick>
					</item>
					<item id="4">	<!-- Polozka Obrazek -->
						<label>$LOCALIZE[31159]</label>
						<onclick>noop</onclick>
					</item>
				</content>
			</control>
		</control>
		<control type="group">
			<right>0</right>
			<top>163</top>
			<bottom>137</bottom>
			<width>60</width>
			<control type="scrollbar" id="60">
				<right>0</right>
				<top>0</top>
				<bottom>0</bottom>
				<width>12</width>
				<orientation>vertical</orientation>
				<texturesliderbackground />
				<animation effect="slide" end="6,0" time="300" tween="sine" easing="inout" condition="!Control.HasFocus(60)">conditional</animation>
				<onleft>10000</onleft>
				<onright>10000</onright>
				<animation effect="fade" start="0" end="100" time="200" delay="300">Visible</animation>
				<animation effect="fade" start="100" end="0" time="200">Hidden</animation>
				<animation effect="fade" start="0" end="100" delay="300" time="320">WindowOpen</animation>
				<animation effect="fade" start="100" end="0" time="150">WindowClose</animation>
				<hitrect x="0" y="0" w="60" h="100%" />
				<visible>Control.IsVisible(610)</visible>
			</control>
		</control>
		<include content="TopBar">
			<param name="breadcrumbs_label" value="$LOCALIZE[5] / $LOCALIZE[20077]" />
		</include>
		<include>BottomBar</include>
		<control type="textbox" id="6">
			<include>OpenClose_Right</include>
			<description>description area</description>
			<left>510</left>
			<bottom>27</bottom>
			<width>1350</width>
			<height>100</height>
			<font>font12</font>
			<align>justify</align>
			<textcolor>button_focus</textcolor>
			<label>$VAR[SkinSettingsHelpTextVar]</label>
			<autoscroll time="3000" delay="5000" repeat="5000">true</autoscroll>
		</control>
	</controls>
</window>
