<?xml version="1.0" encoding="UTF-8"?>
<addon id="skin.estuary.amai" version="4.0.3" name="Estuary Amaimon Mod" provider-name="phil65, Ichabod Fletchman, Amaimon">
	<requires>
		<import addon="xbmc.gui" version="5.17.0"/>
	</requires>
	<extension point="xbmc.gui.skin" debugging="false">
		<res width="1920" height="1440" aspect="4:3" default="false" folder="xml" />
		<res width="1920" height="1280" aspect="3:2" default="false" folder="xml" />
		<res width="1920" height="1200" aspect="16:10" default="false" folder="xml" />
		<res width="2040" height="1080" aspect="17:9" default="false" folder="xml" />
		<res width="1920" height="1080" aspect="16:9" default="true" folder="xml" />
		<res width="2560" height="1080" aspect="21:9" default="false" folder="xml" />
		<res width="2338" height="1080" aspect="19.5:9" default="false" folder="xml" />
		<res width="2160" height="1080" aspect="18:9" default="false" folder="xml" />
	</extension>
	<extension point="xbmc.addon.metadata">
		<platform>all</platform>
		<license>CC BY-SA 4.0, GNU GENERAL PUBLIC LICENSE Version 2.0</license>
		<forum>http://forum.kodi.tv/</forum>
		<source>https://github.com/xbmc/skin.estuary/</source>
		<assets>
			<icon>resources/icon.png</icon>
			<fanart>resources/fanart.jpg</fanart>
			<screenshot>resources/screenshot-01.jpg</screenshot>
			<screenshot>resources/screenshot-02.jpg</screenshot>
			<screenshot>resources/screenshot-03.jpg</screenshot>
			<screenshot>resources/screenshot-04.jpg</screenshot>
			<screenshot>resources/screenshot-05.jpg</screenshot>
			<screenshot>resources/screenshot-06.jpg</screenshot>
			<screenshot>resources/screenshot-07.jpg</screenshot>
			<screenshot>resources/screenshot-08.jpg</screenshot>
		</assets>
		<summary lang="cs_CZ">Vzhled Estuary od autora phil65.  Modifikováno uživatelem Amaimon. Přidány widgety pro SCC na hlavní obrazovku, NextUp widget pro seriály z knihovny atd. </summary>
		<summary lang="en_GB">Estuary skin by phil65. (Kodi&apos;s default skin)</summary>
		<summary lang="en_US">Estuary skin by phil65 and Piers. (Kodi&apos;s default skin)</summary>
		<description lang="cs_CZ">Estuary Amaimon-mod vzhled pro Kodi 17.0 a vyšší. Snaží se být jednoduše pochopitelný a použitelný pro nové uživatele Kodi.</description>
		<description lang="en_GB">Estuary is the default skin for Kodi 17.0 and above. It attempts to be easy for first time Kodi users to understand and use.</description>
		<description lang="en_US">Estuary is the default skin for Kodi 17.0 and above. It attempts to be easy for first time Kodi users to understand and use.</description>
		<disclaimer lang="cs_CZ">Estuary Amaimon-mod, upraveny zakladni vzhled pro Kodi</disclaimer>
		<disclaimer lang="en_GB">Estuary is the default skin for Kodi, removing it may cause issues</disclaimer>
		<disclaimer lang="en_US">Estuary is the default skin for Kodi, removing it may cause issues</disclaimer>
	</extension>
</addon>
