<?xml version="1.0" encoding="UTF-8"?>
<addon id="Amai-Repo"
         version="1.0.0" 
         name="Amaimon Repo" 
         provider-name="Amaimon">
	<extension point="xbmc.addon.repository" name="Amaimon Repo">
        <dir>
            <info>https://raw.githubusercontent.com/Amaimoncz/Amai-repo/master/Plugins/addons.xml</info>
            <checksum>https://raw.githubusercontent.com/Amaimoncz/Amai-repo/master/Plugins/addons.xml.md5</checksum>
            <datadir zip="true">https://raw.githubusercontent.com/Amaimoncz/Amai-repo/master/Plugins/</datadir>
        </dir>
    </extension>
    <extension point="xbmc.addon.metadata">
        <summary>Home Repo Amaimon</summary>
        <platform>all</platform>
    </extension>
</addon>
